Workbook

Sheet Raw Data
A1: Order ID | B1: User ID | C1: Restaurant ID | D1: Order Amount (₹) | E1: Order Date | F1: City | G1: Restaurant | H1: Year | I1: Month | J1: Quarter | K1: Order Count
A2: 1001 | B2: 1 | C2: 1 | D2: 550 | E2: 44691 | F2: Ahmedabad | G2: Burger King | H2: =YEAR(E2) -> 2022 | I2: =TEXT(E2,"mmm") -> May | J2: ="Q"&ROUNDUP(MONTH(E2)/3,0) -> Q2 | K2: =1 -> 1
A3: 1002 | B3: 1 | C3: 2 | D3: 415 | E3: 44707 | F3: Mumbai | G3: Domino's Pizza | H3: =YEAR(E3) -> 2022 | I3: =TEXT(E3,"mmm") -> May | J3: ="Q"&ROUNDUP(MONTH(E3)/3,0) -> Q2 | K3: =1 -> 1
A4: 1003 | B4: 1 | C4: 3 | D4: 240 | E4: 44727 | F4: Delhi | G4: KFC | H4: =YEAR(E4) -> 2022 | I4: =TEXT(E4,"mmm") -> Jun | J4: ="Q"&ROUNDUP(MONTH(E4)/3,0) -> Q2 | K4: =1 -> 1
A5: 1004 | B5: 1 | C5: 3 | D5: 240 | E5: 44741 | F5: Delhi | G5: KFC | H5: =YEAR(E5) -> 2022 | I5: =TEXT(E5,"mmm") -> Jun | J5: ="Q"&ROUNDUP(MONTH(E5)/3,0) -> Q2 | K5: =1 -> 1
A6: 1005 | B6: 1 | C6: 3 | D6: 220 | E6: 44752 | F6: Delhi | G6: KFC | H6: =YEAR(E6) -> 2022 | I6: =TEXT(E6,"mmm") -> Jul | J6: ="Q"&ROUNDUP(MONTH(E6)/3,0) -> Q3 | K6: =1 -> 1
A7: 1006 | B7: 2 | C7: 1 | D7: 950 | E7: 44722 | F7: Ahmedabad | G7: Burger King | H7: =YEAR(E7) -> 2022 | I7: =TEXT(E7,"mmm") -> Jun | J7: ="Q"&ROUNDUP(MONTH(E7)/3,0) -> Q2 | K7: =1 -> 1
A8: 1007 | B8: 2 | C8: 2 | D8: 530 | E8: 44735 | F8: Mumbai | G8: Domino's Pizza | H8: =YEAR(E8) -> 2022 | I8: =TEXT(E8,"mmm") -> Jun | J8: ="Q"&ROUNDUP(MONTH(E8)/3,0) -> Q2 | K8: =1 -> 1
A9: 1008 | B9: 2 | C9: 3 | D9: 240 | E9: 44749 | F9: Delhi | G9: KFC | H9: =YEAR(E9) -> 2022 | I9: =TEXT(E9,"mmm") -> Jul | J9: ="Q"&ROUNDUP(MONTH(E9)/3,0) -> Q3 | K9: =1 -> 1
A10: 1009 | B10: 2 | C10: 4 | D10: 300 | E10: 44759 | F10: Pune | G10: Subway | H10: =YEAR(E10) -> 2022 | I10: =TEXT(E10,"mmm") -> Jul | J10: ="Q"&ROUNDUP(MONTH(E10)/3,0) -> Q3 | K10: =1 -> 1
A11: 1010 | B11: 2 | C11: 5 | D11: 650 | E11: 44773 | F11: Bengaluru | G11: McDonald's | H11: =YEAR(E11) -> 2022 | I11: =TEXT(E11,"mmm") -> Jul | J11: ="Q"&ROUNDUP(MONTH(E11)/3,0) -> Q3 | K11: =1 -> 1
A12: 1011 | B12: 3 | C12: 1 | D12: 450 | E12: 44691 | F12: Ahmedabad | G12: Burger King | H12: =YEAR(E12) -> 2022 | I12: =TEXT(E12,"mmm") -> May | J12: ="Q"&ROUNDUP(MONTH(E12)/3,0) -> Q2 | K12: =1 -> 1
A13: 1012 | B13: 3 | C13: 4 | D13: 180 | E13: 44701 | F13: Pune | G13: Subway | H13: =YEAR(E13) -> 2022 | I13: =TEXT(E13,"mmm") -> May | J13: ="Q"&ROUNDUP(MONTH(E13)/3,0) -> Q2 | K13: =1 -> 1
... A26: 1025 | B26: 5 | C26: 2 | D26: 645 | E26: 44770 | F26: Mumbai | G26: Domino's Pizza | H26: =YEAR(E26) -> 2022 | I26: =TEXT(E26,"mmm") -> Jul | J26: ="Q"&ROUNDUP(MONTH(E26)/3,0) -> Q3 | K26: =1 -> 1

Sheet RM
A1: Swiggy Food Delivery – Pivot Analysis Workbook
A3: Task | B3: Completed output
A4: 1 | B4: Monthly + Yearly sales summary from order dates
A5: 2 | B5: Quarterly sales trend for latest year (2022)
A6: 3 | B6: Average Order Value (AOV) per month = total sales / orders
A7: 4 | B7: City slicer-style dropdown on Dashboard
A8: 5 | B8: Q3 drill-down worksheet with individual orders
A9: Data source | B9: Public Swiggy sample CSV (25 records)
A10: Source URL | B10: https://github.com/krishna-tiwari-ds/SQL-Project_Swiggy_Case-Study/blob/main/orders.csv
A11: Source note | B11: Order ID, User ID, Restaurant ID, Amount and Date are from the public sample CSV. City and Restaurant labels were added from the Restaurant-ID mapping needed for the slicer/drill-down exercise.

Sheet Pivot Monthly
A1: Pivot Table – Sales by Year and Month
A3: Year | B3: Month | C3: Total Sales (₹) | D3: Orders | E3: AOV (₹) | G3: Year | H3: Total Sales (₹)
A4: 2022 | B4: May | C4: =SUMIFS('Raw Data'!$D$2:$D$26,'Raw Data'!$H$2:$H$26,A4,'Raw Data'!$I$2:$I$26,B4) -> 2425 | D4: =COUNTIFS('Raw Data'!$H$2:$H$26,A4,'Raw Data'!$I$2:$I$26,B4) -> 7 | E4: =IFERROR(C4/D4,0) -> 346.42857 | G4: 2022 | H4: =SUMIFS('Raw Data'!$D$2:$D$26,'Raw Data'!$H$2:$H$26,G4) -> 10490
A5: 2022 | B5: Jun | C5: =SUMIFS('Raw Data'!$D$2:$D$26,'Raw Data'!$H$2:$H$26,A5,'Raw Data'!$I$2:$I$26,B5) -> 3220 | D5: =COUNTIFS('Raw Data'!$H$2:$H$26,A5,'Raw Data'!$I$2:$I$26,B5) -> 8 | E5: =IFERROR(C5/D5,0) -> 402.5
A6: 2022 | B6: Jul | C6: =SUMIFS('Raw Data'!$D$2:$D$26,'Raw Data'!$H$2:$H$26,A6,'Raw Data'!$I$2:$I$26,B6) -> 4845 | D6: =COUNTIFS('Raw Data'!$H$2:$H$26,A6,'Raw Data'!$I$2:$I$26,B6) -> 10 | E6: =IFERROR(C6/D6,0) -> 484.5
A7: Grand Total | B7: All Months | C7: =SUM(C4:C6) -> 10490 | D7: =SUM(D4:D6) -> 25 | E7: =IFERROR(C7/D7,0) -> 419.6

Sheet Pivot Quarterly
A1: Quarterly Sales Trend – Latest Year (2022)
A3: Year | B3: Quarter | C3: Total Sales (₹) | D3: Orders | E3: AOV (₹)
A4: 2022 | B4: Q2 | C4: =SUMIFS('Raw Data'!$D$2:$D$26,'Raw Data'!$H$2:$H$26,A4,'Raw Data'!$J$2:$J$26,B4) -> 5645 | D4: =COUNTIFS('Raw Data'!$H$2:$H$26,A4,'Raw Data'!$J$2:$J$26,B4) -> 15 | E4: =IFERROR(C4/D4,0) -> 376.33333
A5: 2022 | B5: Q3 | C5: =SUMIFS('Raw Data'!$D$2:$D$26,'Raw Data'!$H$2:$H$26,A5,'Raw Data'!$J$2:$J$26,B5) -> 4845 | D5: =COUNTIFS('Raw Data'!$H$2:$H$26,A5,'Raw Data'!$J$2:$J$26,B5) -> 10 | E5: =IFERROR(C5/D5,0) -> 484.5

Sheet Dashboard
A1: Swiggy Sales Dashboard
A3: City Filter | B3: All Cities | D3: Metric | E3: All Cities | F3: Latest Year
A4: Filtered Sales (₹) | B4: =IF(B3="All Cities",SUM('Raw Data'!$D$2:$D$26),SUMIFS('Raw Data'!$D$2:$D$26,'Raw Data'!$F$2:$F$26,B3)) -> 10490 | D4: Total Sales (₹) | E4: =B4 -> 10490 | F4: =SUM('Pivot Monthly'!$C$4:$C$6) -> 10490
A5: Filtered Orders | B5: =IF(B3="All Cities",COUNT('Raw Data'!$A$2:$A$26),COUNTIFS('Raw Data'!$F$2:$F$26,B3)) -> 25 | D5: Orders | E5: =B5 -> 25 | F5: =SUM('Pivot Monthly'!$D$4:$D$6) -> 25
D6: AOV (₹) | E6: =IFERROR(E4/E5,0) -> 419.6 | F6: =IFERROR(F4/F5,0) -> 419.6
A8: Month | B8: Sales (₹) | C8: Orders | D8: AOV (₹) | E8: Filter
A9: May | B9: =IF($B$3="All Cities",SUMIFS('Raw Data'!$D$2:$D$26,'Raw Data'!$I$2:$I$26,$A9),SUMIFS('Raw Data'!$D$2:$D$26,'Raw Data'!$I$2:$I$26,$A9,'Raw Data'!$F$2:$F$26,$B$3)) -> 2425 | C9: =IF($B$3="All Cities",COUNTIFS('Raw Data'!$I$2:$I$26,$A9),COUNTIFS('Raw Data'!$I$2:$I$26,$A9,'Raw Data'!$F$2:$F$26,$B$3)) -> 7 | D9: =IFERROR(B9/C9,0) -> 346.42857
A10: Jun | B10: =IF($B$3="All Cities",SUMIFS('Raw Data'!$D$2:$D$26,'Raw Data'!$I$2:$I$26,$A10),SUMIFS('Raw Data'!$D$2:$D$26,'Raw Data'!$I$2:$I$26,$A10,'Raw Data'!$F$2:$F$26,$B$3)) -> 3220 | C10: =IF($B$3="All Cities",COUNTIFS('Raw Data'!$I$2:$I$26,$A10),COUNTIFS('Raw Data'!$I$2:$I$26,$A10,'Raw Data'!$F$2:$F$26,$B$3)) -> 8 | D10: =IFERROR(B10/C10,0) -> 402.5
A11: Jul | B11: =IF($B$3="All Cities",SUMIFS('Raw Data'!$D$2:$D$26,'Raw Data'!$I$2:$I$26,$A11),SUMIFS('Raw Data'!$D$2:$D$26,'Raw Data'!$I$2:$I$26,$A11,'Raw Data'!$F$2:$F$26,$B$3)) -> 4845 | C11: =IF($B$3="All Cities",COUNTIFS('Raw Data'!$I$2:$I$26,$A11),COUNTIFS('Raw Data'!$I$2:$I$26,$A11,'Raw Data'!$F$2:$F$26,$B$3)) -> 10 | D11: =IFERROR(B11/C11,0) -> 484.5

Sheet Drilldown Q3
A1: Drill-down: Q3 2022 Sales – Individual Orders
A3: Order ID | B3: User ID | C3: Restaurant ID | D3: Order Amount (₹) | E3: Order Date | F3: City | G3: Restaurant | I3: What Excel drill-down creates | J3: A new worksheet (typically named Sheet1 or similar).
A4: 1005 | B4: 1 | C4: 3 | D4: 220 | E4: 44752 | F4: Delhi | G4: KFC | I4: What it contains | J4: The individual order rows contributing to the selected PivotTable quarterly total.
A5: 1008 | B5: 2 | C5: 3 | D5: 240 | E5: 44749 | F5: Delhi | G5: KFC | I5: Selected total | J5: Q3 2022
A6: 1009 | B6: 2 | C6: 4 | D6: 300 | E6: 44759 | F6: Pune | G6: Subway | I6: Rows shown here | J6: All July 2022 order records that contribute to Q3 2022 in this sample.
A7: 1010 | B7: 2 | C7: 5 | D7: 650 | E7: 44773 | F7: Bengaluru | G7: McDonald's
A8: 1020 | B8: 4 | C8: 5 | D8: 400 | E8: 44757 | F8: Bengaluru | G8: McDonald's
A9: 1021 | B9: 5 | C9: 1 | D9: 550 | E9: 44743 | F9: Ahmedabad | G9: Burger King
A10: 1022 | B10: 5 | C10: 1 | D10: 550 | E10: 44750 | F10: Ahmedabad | G10: Burger King
A11: 1023 | B11: 5 | C11: 2 | D11: 645 | E11: 44757 | F11: Mumbai | G11: Domino's Pizza
A12: 1024 | B12: 5 | C12: 2 | D12: 645 | E12: 44763 | F12: Mumbai | G12: Domino's Pizza
A13: 1025 | B13: 5 | C13: 2 | D13: 645 | E13: 44770 | F13: Mumbai | G13: Domino's Pizza
